[{"model": "sales.sourcelead", "pk": 1, "fields": {"name": "source1"}}, {"model": "sales.sourcelead", "pk": 2, "fields": {"name": "source2"}}, {"model": "sales.projecttype", "pk": 3, "fields": {"name": "type1"}}, {"model": "sales.projecttype", "pk": 4, "fields": {"name": "type2"}}, {"model": "sales.taglead", "pk": 1, "fields": {"name": "tag1"}}, {"model": "sales.taglead", "pk": 2, "fields": {"name": "tag2"}}, {"model": "sales.leaddetail", "pk": 1, "fields": {"created_date": "2022-10-18T09:19:55.099Z", "modified_date": "2022-11-14T07:34:50.932Z", "user_create": 2, "user_update": 2, "lead_title": "title", "street_address": "b", "country": null, "city": null, "state": null, "zip_code": "3", "status": "open", "proposal_status": "approved", "notes": "", "confidence": 1, "estimate_revenue_from": "1.00", "estimate_revenue_to": "1.00", "projected_sale_date": "2022-10-22T09:33:00Z", "number_of_click": 1, "recent_click": "2022-11-14T07:34:50.932Z", "project_types": [], "salesperson": [1, 2], "sources": [], "tags": []}}, {"model": "sales.leaddetail", "pk": 2, "fields": {"created_date": "2022-10-18T09:26:15.834Z", "modified_date": "2022-10-18T09:26:15.834Z", "user_create": 2, "user_update": 2, "lead_title": "title", "street_address": "b", "country": null, "city": null, "state": null, "zip_code": "{}", "status": "open", "proposal_status": "approved", "notes": "", "confidence": 1, "estimate_revenue_from": "1.00", "estimate_revenue_to": "1.00", "projected_sale_date": "2022-10-22T09:33:00Z", "number_of_click": 0, "recent_click": null, "project_types": [], "salesperson": [], "sources": [], "tags": []}}, {"model": "sales.leaddetail", "pk": 3, "fields": {"created_date": "2022-10-18T09:27:16.559Z", "modified_date": "2022-10-18T09:27:16.559Z", "user_create": 2, "user_update": 2, "lead_title": "title", "street_address": "b", "country": null, "city": null, "state": null, "zip_code": "{}", "status": "open", "proposal_status": "approved", "notes": "", "confidence": 1, "estimate_revenue_from": "1.00", "estimate_revenue_to": "1.00", "projected_sale_date": "2022-10-22T09:33:00Z", "number_of_click": 0, "recent_click": null, "project_types": [], "salesperson": [], "sources": [], "tags": []}}, {"model": "sales.leaddetail", "pk": 5, "fields": {"created_date": "2022-10-18T09:38:02.274Z", "modified_date": "2022-10-18T09:38:02.274Z", "user_create": 2, "user_update": 2, "lead_title": "title", "street_address": "b", "country": null, "city": 123, "state": 1, "zip_code": "{}", "status": "open", "proposal_status": "approved", "notes": "", "confidence": 1, "estimate_revenue_from": "1.00", "estimate_revenue_to": "1.00", "projected_sale_date": "2022-10-22T09:33:00Z", "number_of_click": 0, "recent_click": null, "project_types": [], "salesperson": [], "sources": [], "tags": []}}, {"model": "sales.leaddetail", "pk": 6, "fields": {"created_date": "2022-10-18T10:39:31.422Z", "modified_date": "2022-10-18T10:39:31.423Z", "user_create": 2, "user_update": 2, "lead_title": "title", "street_address": "b", "country": null, "city": 123, "state": 1, "zip_code": "", "status": "open", "proposal_status": "approved", "notes": "", "confidence": 1, "estimate_revenue_from": "1.00", "estimate_revenue_to": "1.00", "projected_sale_date": "2022-10-22T09:33:00Z", "number_of_click": 0, "recent_click": null, "project_types": [], "salesperson": [], "sources": [], "tags": []}}, {"model": "sales.leaddetail", "pk": 7, "fields": {"created_date": "2022-10-18T10:40:42.626Z", "modified_date": "2022-10-18T10:40:42.626Z", "user_create": 2, "user_update": 2, "lead_title": "title", "street_address": "b", "country": null, "city": 123, "state": 1, "zip_code": "", "status": "open", "proposal_status": "approved", "notes": "", "confidence": 1, "estimate_revenue_from": "1.00", "estimate_revenue_to": "1.00", "projected_sale_date": "2022-10-22T09:33:00Z", "number_of_click": 0, "recent_click": null, "project_types": [], "salesperson": [], "sources": [], "tags": []}}, {"model": "sales.leaddetail", "pk": 8, "fields": {"created_date": "2022-10-18T10:41:23.236Z", "modified_date": "2022-10-18T10:41:23.236Z", "user_create": 2, "user_update": 2, "lead_title": "title", "street_address": "b", "country": null, "city": 123, "state": 1, "zip_code": "", "status": "open", "proposal_status": "approved", "notes": "", "confidence": 1, "estimate_revenue_from": "1.00", "estimate_revenue_to": "1.00", "projected_sale_date": "2022-10-22T09:33:00Z", "number_of_click": 0, "recent_click": null, "project_types": [], "salesperson": [], "sources": [], "tags": []}}, {"model": "sales.leaddetail", "pk": 9, "fields": {"created_date": "2022-10-18T10:44:11.384Z", "modified_date": "2022-10-18T10:44:11.384Z", "user_create": 2, "user_update": 2, "lead_title": "title", "street_address": "b", "country": null, "city": 123, "state": 1, "zip_code": "{}", "status": "open", "proposal_status": "approved", "notes": "", "confidence": 1, "estimate_revenue_from": "1.00", "estimate_revenue_to": "1.00", "projected_sale_date": "2022-10-22T09:33:00Z", "number_of_click": 0, "recent_click": null, "project_types": [], "salesperson": [], "sources": [], "tags": []}}, {"model": "sales.leaddetail", "pk": 10, "fields": {"created_date": "2022-10-18T10:50:06.604Z", "modified_date": "2022-10-18T10:50:06.604Z", "user_create": 2, "user_update": 2, "lead_title": "title", "street_address": "b", "country": null, "city": 123, "state": 1, "zip_code": "{}", "status": "open", "proposal_status": "approved", "notes": "", "confidence": 1, "estimate_revenue_from": "1.00", "estimate_revenue_to": "1.00", "projected_sale_date": "2022-10-22T09:33:00Z", "number_of_click": 0, "recent_click": null, "project_types": [], "salesperson": [], "sources": [], "tags": []}}, {"model": "sales.leaddetail", "pk": 11, "fields": {"created_date": "2022-10-18T10:52:03.232Z", "modified_date": "2022-10-18T10:52:03.232Z", "user_create": 2, "user_update": 2, "lead_title": "title", "street_address": "b", "country": null, "city": 123, "state": 1, "zip_code": "{}", "status": "open", "proposal_status": "approved", "notes": "", "confidence": 1, "estimate_revenue_from": "1.00", "estimate_revenue_to": "1.00", "projected_sale_date": "2022-10-22T09:33:00Z", "number_of_click": 0, "recent_click": null, "project_types": [], "salesperson": [], "sources": [], "tags": []}}, {"model": "sales.leaddetail", "pk": 12, "fields": {"created_date": "2022-10-18T10:55:30.126Z", "modified_date": "2022-10-18T10:55:30.126Z", "user_create": 2, "user_update": 2, "lead_title": "title", "street_address": "b", "country": null, "city": 123, "state": 1, "zip_code": "{}", "status": "open", "proposal_status": "approved", "notes": "", "confidence": 1, "estimate_revenue_from": "1.00", "estimate_revenue_to": "1.00", "projected_sale_date": "2022-10-22T09:33:00Z", "number_of_click": 0, "recent_click": null, "project_types": [], "salesperson": [], "sources": [], "tags": []}}, {"model": "sales.leaddetail", "pk": 13, "fields": {"created_date": "2022-10-18T10:55:58.525Z", "modified_date": "2022-10-18T10:55:58.525Z", "user_create": 2, "user_update": 2, "lead_title": "title", "street_address": "b", "country": 10, "city": 123, "state": 1, "zip_code": "{}", "status": "open", "proposal_status": "approved", "notes": "", "confidence": 1, "estimate_revenue_from": "1.00", "estimate_revenue_to": "1.00", "projected_sale_date": "2022-10-22T09:33:00Z", "number_of_click": 0, "recent_click": null, "project_types": [], "salesperson": [], "sources": [], "tags": []}}, {"model": "sales.leaddetail", "pk": 14, "fields": {"created_date": "2022-10-18T12:06:13.808Z", "modified_date": "2022-10-18T12:06:13.808Z", "user_create": 2, "user_update": 2, "lead_title": "title", "street_address": "b", "country": 1, "city": null, "state": null, "zip_code": "{}", "status": "open", "proposal_status": "approved", "notes": "", "confidence": 1, "estimate_revenue_from": "1.00", "estimate_revenue_to": "1.00", "projected_sale_date": "2022-10-22T09:33:00Z", "number_of_click": 0, "recent_click": null, "project_types": [], "salesperson": [], "sources": [], "tags": []}}, {"model": "sales.leaddetail", "pk": 15, "fields": {"created_date": "2022-10-18T12:06:42.457Z", "modified_date": "2022-10-18T12:06:42.457Z", "user_create": 2, "user_update": 2, "lead_title": "title", "street_address": "b", "country": 1, "city": 123, "state": 1, "zip_code": "{}", "status": "open", "proposal_status": "approved", "notes": "", "confidence": 1, "estimate_revenue_from": "1.00", "estimate_revenue_to": "1.00", "projected_sale_date": "2022-10-22T09:33:00Z", "number_of_click": 0, "recent_click": null, "project_types": [], "salesperson": [], "sources": [], "tags": []}}, {"model": "sales.leaddetail", "pk": 16, "fields": {"created_date": "2022-10-19T02:41:30.805Z", "modified_date": "2022-10-19T02:41:30.805Z", "user_create": 2, "user_update": 2, "lead_title": "title", "street_address": "b", "country": 1, "city": 123, "state": 1, "zip_code": "{}", "status": "open", "proposal_status": "approved", "notes": "", "confidence": 1, "estimate_revenue_from": "1.00", "estimate_revenue_to": "1.00", "projected_sale_date": "2022-10-22T09:33:00Z", "number_of_click": 0, "recent_click": null, "project_types": [], "salesperson": [], "sources": [], "tags": []}}, {"model": "sales.leaddetail", "pk": 17, "fields": {"created_date": "2022-10-19T02:41:47.276Z", "modified_date": "2022-10-19T02:41:47.276Z", "user_create": 2, "user_update": 2, "lead_title": "title", "street_address": "b", "country": 1, "city": 123, "state": 1, "zip_code": "{}", "status": "open", "proposal_status": "approved", "notes": "", "confidence": 1, "estimate_revenue_from": "1.00", "estimate_revenue_to": "1.00", "projected_sale_date": "2022-10-22T09:33:00Z", "number_of_click": 0, "recent_click": null, "project_types": [], "salesperson": [], "sources": [], "tags": []}}, {"model": "sales.leaddetail", "pk": 18, "fields": {"created_date": "2022-10-19T02:42:17.087Z", "modified_date": "2022-10-19T02:42:17.088Z", "user_create": 2, "user_update": 2, "lead_title": "title", "street_address": "b", "country": 1, "city": 123, "state": 1, "zip_code": "{}", "status": "open", "proposal_status": "approved", "notes": "", "confidence": 1, "estimate_revenue_from": "1.00", "estimate_revenue_to": "1.00", "projected_sale_date": "2022-10-22T09:33:00Z", "number_of_click": 0, "recent_click": null, "project_types": [], "salesperson": [], "sources": [], "tags": []}}, {"model": "sales.leaddetail", "pk": 19, "fields": {"created_date": "2022-10-19T06:55:56.626Z", "modified_date": "2022-10-19T06:55:56.626Z", "user_create": 2, "user_update": 2, "lead_title": "title", "street_address": "b", "country": 1, "city": 123, "state": 1, "zip_code": "{}", "status": "open", "proposal_status": "approved", "notes": "", "confidence": 1, "estimate_revenue_from": "1.00", "estimate_revenue_to": "1.00", "projected_sale_date": "2022-10-22T09:33:00Z", "number_of_click": 0, "recent_click": null, "project_types": [], "salesperson": [], "sources": [], "tags": []}}, {"model": "sales.leaddetail", "pk": 20, "fields": {"created_date": "2022-10-19T06:57:11.311Z", "modified_date": "2022-10-19T06:57:11.311Z", "user_create": 2, "user_update": 2, "lead_title": "title", "street_address": "b", "country": 1, "city": 123, "state": 1, "zip_code": "{}", "status": "open", "proposal_status": "approved", "notes": "", "confidence": 1, "estimate_revenue_from": "1.00", "estimate_revenue_to": "1.00", "projected_sale_date": "2022-10-22T09:33:00Z", "number_of_click": 0, "recent_click": null, "project_types": [3, 4], "salesperson": [], "sources": [], "tags": []}}, {"model": "sales.leaddetail", "pk": 21, "fields": {"created_date": "2022-10-19T06:57:36.437Z", "modified_date": "2022-10-19T06:57:36.437Z", "user_create": 2, "user_update": 2, "lead_title": "title", "street_address": "b", "country": 1, "city": 123, "state": 1, "zip_code": "{}", "status": "open", "proposal_status": "approved", "notes": "", "confidence": 1, "estimate_revenue_from": "1.00", "estimate_revenue_to": "1.00", "projected_sale_date": "2022-10-22T09:33:00Z", "number_of_click": 0, "recent_click": null, "project_types": [], "salesperson": [], "sources": [], "tags": []}}, {"model": "sales.leaddetail", "pk": 22, "fields": {"created_date": "2022-10-19T07:21:27.776Z", "modified_date": "2022-10-19T07:21:27.776Z", "user_create": 2, "user_update": 2, "lead_title": "title", "street_address": "b", "country": 1, "city": 123, "state": 1, "zip_code": "{}", "status": "open", "proposal_status": "approved", "notes": "", "confidence": 1, "estimate_revenue_from": "1.00", "estimate_revenue_to": "1.00", "projected_sale_date": "2022-10-22T09:33:00Z", "number_of_click": 0, "recent_click": null, "project_types": [3, 4], "salesperson": [1, 2], "sources": [], "tags": []}}, {"model": "sales.leaddetail", "pk": 23, "fields": {"created_date": "2022-10-19T07:33:03.569Z", "modified_date": "2022-10-19T07:33:03.569Z", "user_create": 2, "user_update": 2, "lead_title": "title", "street_address": "b", "country": 1, "city": 123, "state": 1, "zip_code": "{}", "status": "open", "proposal_status": "approved", "notes": "", "confidence": 1, "estimate_revenue_from": "1.00", "estimate_revenue_to": "1.00", "projected_sale_date": "2022-10-22T09:33:00Z", "number_of_click": 0, "recent_click": null, "project_types": [], "salesperson": [], "sources": [], "tags": []}}, {"model": "sales.leaddetail", "pk": 24, "fields": {"created_date": "2022-10-19T07:33:30.075Z", "modified_date": "2022-10-19T07:33:30.075Z", "user_create": 2, "user_update": 2, "lead_title": "title", "street_address": "b", "country": 1, "city": 123, "state": 1, "zip_code": "{}", "status": "open", "proposal_status": "approved", "notes": "", "confidence": 1, "estimate_revenue_from": "1.00", "estimate_revenue_to": "1.00", "projected_sale_date": "2022-10-22T09:33:00Z", "number_of_click": 0, "recent_click": null, "project_types": [3, 4], "salesperson": [1, 2], "sources": [], "tags": []}}, {"model": "sales.leaddetail", "pk": 25, "fields": {"created_date": "2022-10-20T08:06:42.585Z", "modified_date": "2022-10-20T08:06:42.585Z", "user_create": 2, "user_update": 2, "lead_title": "title", "street_address": "b", "country": null, "city": 123, "state": null, "zip_code": "Sdf", "status": "open", "proposal_status": "approved", "notes": "", "confidence": 1, "estimate_revenue_from": "1.00", "estimate_revenue_to": "1.00", "projected_sale_date": "2022-10-22T09:33:00Z", "number_of_click": 0, "recent_click": null, "project_types": [], "salesperson": [], "sources": [], "tags": []}}, {"model": "sales.leaddetail", "pk": 26, "fields": {"created_date": "2022-10-20T08:26:11.866Z", "modified_date": "2022-10-20T08:26:11.866Z", "user_create": 2, "user_update": 2, "lead_title": "title", "street_address": "b", "country": 1, "city": 123, "state": null, "zip_code": "Sdf", "status": "open", "proposal_status": "approved", "notes": "", "confidence": 1, "estimate_revenue_from": "1.00", "estimate_revenue_to": "1.00", "projected_sale_date": "2022-10-22T09:33:00Z", "number_of_click": 0, "recent_click": null, "project_types": [], "salesperson": [], "sources": [], "tags": []}}, {"model": "sales.leaddetail", "pk": 27, "fields": {"created_date": "2022-10-24T07:32:31.082Z", "modified_date": "2022-10-24T07:32:31.082Z", "user_create": 2, "user_update": 2, "lead_title": "title", "street_address": "b", "country": 1, "city": 123, "state": 1, "zip_code": "{}", "status": "open", "proposal_status": "approved", "notes": "", "confidence": 1, "estimate_revenue_from": "1.00", "estimate_revenue_to": "1.00", "projected_sale_date": "2022-10-22T09:33:00Z", "number_of_click": 0, "recent_click": null, "project_types": [3, 4], "salesperson": [], "sources": [], "tags": []}}, {"model": "sales.leaddetail", "pk": 28, "fields": {"created_date": "2022-10-24T07:34:06.701Z", "modified_date": "2022-10-24T07:34:06.701Z", "user_create": 2, "user_update": 2, "lead_title": "title", "street_address": "b", "country": 1, "city": 123, "state": 1, "zip_code": "{}", "status": "open", "proposal_status": "approved", "notes": "", "confidence": 1, "estimate_revenue_from": "1.00", "estimate_revenue_to": "1.00", "projected_sale_date": "2022-10-22T09:33:00Z", "number_of_click": 0, "recent_click": null, "project_types": [3, 4], "salesperson": [], "sources": [], "tags": []}}, {"model": "sales.leaddetail", "pk": 29, "fields": {"created_date": "2022-10-24T07:41:19.830Z", "modified_date": "2022-10-24T07:41:19.830Z", "user_create": 2, "user_update": 2, "lead_title": "title", "street_address": "b", "country": 1, "city": 123, "state": 1, "zip_code": "{}", "status": "open", "proposal_status": "approved", "notes": "", "confidence": 1, "estimate_revenue_from": "1.00", "estimate_revenue_to": "1.00", "projected_sale_date": "2022-10-22T09:33:00Z", "number_of_click": 0, "recent_click": null, "project_types": [3, 4], "salesperson": [], "sources": [], "tags": []}}, {"model": "sales.leaddetail", "pk": 30, "fields": {"created_date": "2022-10-24T07:41:54.469Z", "modified_date": "2022-10-24T07:41:54.469Z", "user_create": 2, "user_update": 2, "lead_title": "title", "street_address": "b", "country": 1, "city": 123, "state": 1, "zip_code": "{}", "status": "open", "proposal_status": "approved", "notes": "", "confidence": 1, "estimate_revenue_from": "1.00", "estimate_revenue_to": "1.00", "projected_sale_date": "2022-10-22T09:33:00Z", "number_of_click": 0, "recent_click": null, "project_types": [3, 4], "salesperson": [], "sources": [], "tags": []}}, {"model": "sales.leaddetail", "pk": 31, "fields": {"created_date": "2022-10-25T10:08:35.449Z", "modified_date": "2022-10-25T10:08:35.449Z", "user_create": 2, "user_update": 2, "lead_title": "title", "street_address": "b", "country": 1, "city": 123, "state": 1, "zip_code": "{}", "status": "open", "proposal_status": "approved", "notes": "", "confidence": 1, "estimate_revenue_from": "1.00", "estimate_revenue_to": "1.00", "projected_sale_date": "2022-10-22T09:33:00Z", "number_of_click": 0, "recent_click": null, "project_types": [3, 4], "salesperson": [], "sources": [], "tags": []}}, {"model": "sales.leaddetail", "pk": 32, "fields": {"created_date": "2022-10-25T10:09:37.651Z", "modified_date": "2022-10-25T10:09:37.651Z", "user_create": 2, "user_update": 2, "lead_title": "title", "street_address": "b", "country": 1, "city": 123, "state": 1, "zip_code": "{}", "status": "open", "proposal_status": "approved", "notes": "", "confidence": 1, "estimate_revenue_from": "1.00", "estimate_revenue_to": "1.00", "projected_sale_date": "2022-10-22T09:33:00Z", "number_of_click": 0, "recent_click": null, "project_types": [3, 4], "salesperson": [], "sources": [], "tags": []}}, {"model": "sales.leaddetail", "pk": 33, "fields": {"created_date": "2022-10-25T10:12:15.280Z", "modified_date": "2022-10-25T10:12:15.280Z", "user_create": 2, "user_update": 2, "lead_title": "title", "street_address": "b", "country": 1, "city": 123, "state": 1, "zip_code": "{}", "status": "open", "proposal_status": "approved", "notes": "", "confidence": 1, "estimate_revenue_from": "1.00", "estimate_revenue_to": "1.00", "projected_sale_date": "2022-10-22T09:33:00Z", "number_of_click": 0, "recent_click": null, "project_types": [3, 4], "salesperson": [], "sources": [], "tags": []}}, {"model": "sales.leaddetail", "pk": 34, "fields": {"created_date": "2022-10-25T10:13:20.005Z", "modified_date": "2022-10-25T10:13:20.005Z", "user_create": 2, "user_update": 2, "lead_title": "title", "street_address": "b", "country": 1, "city": 123, "state": 1, "zip_code": "{}", "status": "open", "proposal_status": "approved", "notes": "", "confidence": 1, "estimate_revenue_from": "1.00", "estimate_revenue_to": "1.00", "projected_sale_date": "2022-10-22T09:33:00Z", "number_of_click": 0, "recent_click": null, "project_types": [3, 4], "salesperson": [], "sources": [], "tags": []}}, {"model": "sales.leaddetail", "pk": 35, "fields": {"created_date": "2022-10-25T10:16:43.485Z", "modified_date": "2022-10-25T10:16:43.485Z", "user_create": 2, "user_update": 2, "lead_title": "title", "street_address": "b", "country": 1, "city": 123, "state": 1, "zip_code": "{}", "status": "open", "proposal_status": "approved", "notes": "", "confidence": 1, "estimate_revenue_from": "1.00", "estimate_revenue_to": "1.00", "projected_sale_date": "2022-10-22T09:33:00Z", "number_of_click": 0, "recent_click": null, "project_types": [3, 4], "salesperson": [], "sources": [], "tags": []}}, {"model": "sales.leaddetail", "pk": 36, "fields": {"created_date": "2022-10-25T11:29:17.094Z", "modified_date": "2022-10-25T11:29:17.094Z", "user_create": 2, "user_update": 2, "lead_title": "title", "street_address": "b", "country": null, "city": null, "state": null, "zip_code": "3", "status": "open", "proposal_status": "approved", "notes": "", "confidence": 1, "estimate_revenue_from": "1.00", "estimate_revenue_to": "1.00", "projected_sale_date": "2022-10-22T09:33:00Z", "number_of_click": 0, "recent_click": null, "project_types": [], "salesperson": [1, 2], "sources": [], "tags": []}}, {"model": "sales.leaddetail", "pk": 37, "fields": {"created_date": "2022-10-25T11:36:00.195Z", "modified_date": "2022-10-25T11:36:00.195Z", "user_create": 2, "user_update": 2, "lead_title": "title", "street_address": "", "country": null, "city": null, "state": null, "zip_code": "", "status": "open", "proposal_status": "approved", "notes": "", "confidence": 1, "estimate_revenue_from": "1.00", "estimate_revenue_to": "1.00", "projected_sale_date": "2022-10-22T09:33:00Z", "number_of_click": 0, "recent_click": null, "project_types": [], "salesperson": [1, 2], "sources": [], "tags": []}}, {"model": "sales.leaddetail", "pk": 38, "fields": {"created_date": "2022-10-26T07:35:45.686Z", "modified_date": "2022-10-26T07:35:45.686Z", "user_create": 2, "user_update": 2, "lead_title": "title", "street_address": "", "country": null, "city": null, "state": null, "zip_code": "", "status": "open", "proposal_status": "approved", "notes": "", "confidence": 1, "estimate_revenue_from": "1.00", "estimate_revenue_to": "1.00", "projected_sale_date": "2022-10-22T09:33:00Z", "number_of_click": 0, "recent_click": null, "project_types": [], "salesperson": [1, 2], "sources": [], "tags": []}}, {"model": "sales.leaddetail", "pk": 39, "fields": {"created_date": "2022-10-26T07:37:59.836Z", "modified_date": "2022-11-03T11:44:00.311Z", "user_create": 2, "user_update": 2, "lead_title": "title", "street_address": "", "country": null, "city": null, "state": null, "zip_code": "", "status": "open", "proposal_status": "approved", "notes": "", "confidence": 1, "estimate_revenue_from": "1.00", "estimate_revenue_to": "1.00", "projected_sale_date": "2022-10-22T09:33:00Z", "number_of_click": 2, "recent_click": "2022-11-03T11:44:00.311Z", "project_types": [], "salesperson": [1, 2], "sources": [], "tags": [1]}}, {"model": "sales.leaddetail", "pk": 40, "fields": {"created_date": "2022-10-26T07:38:24.386Z", "modified_date": "2022-11-03T11:44:22.882Z", "user_create": 2, "user_update": 2, "lead_title": "title", "street_address": "", "country": null, "city": null, "state": null, "zip_code": "", "status": "open", "proposal_status": "approved", "notes": "", "confidence": 1, "estimate_revenue_from": "1.00", "estimate_revenue_to": "1.00", "projected_sale_date": "2022-10-22T09:33:00Z", "number_of_click": 7, "recent_click": "2022-11-03T11:44:22.882Z", "project_types": [], "salesperson": [1, 2], "sources": [], "tags": [2]}}, {"model": "sales.leaddetail", "pk": 41, "fields": {"created_date": "2022-11-01T03:52:45.889Z", "modified_date": "2022-11-01T03:52:45.889Z", "user_create": 2, "user_update": 2, "lead_title": "title", "street_address": "b", "country": null, "city": null, "state": null, "zip_code": "{}", "status": "open", "proposal_status": "approved", "notes": "", "confidence": 1, "estimate_revenue_from": "1.00", "estimate_revenue_to": "1.00", "projected_sale_date": "2022-10-22T09:33:00Z", "number_of_click": 0, "recent_click": null, "project_types": [], "salesperson": [], "sources": [], "tags": []}}, {"model": "sales.leaddetail", "pk": 42, "fields": {"created_date": "2022-11-01T03:53:22.348Z", "modified_date": "2022-11-01T03:59:15.212Z", "user_create": 2, "user_update": 2, "lead_title": "title", "street_address": "b", "country": null, "city": null, "state": null, "zip_code": "{}", "status": "open", "proposal_status": "approved", "notes": "", "confidence": 1, "estimate_revenue_from": "1.00", "estimate_revenue_to": "1.00", "projected_sale_date": "2022-10-22T09:33:00Z", "number_of_click": 2, "recent_click": "2022-11-01T03:58:23.995Z", "project_types": [], "salesperson": [], "sources": [1], "tags": []}}, {"model": "sales.contact", "pk": 1, "fields": {"created_date": "2022-10-24T02:09:42.575Z", "modified_date": "2022-10-24T02:09:42.607Z", "user_create": null, "user_update": null, "first_name": "bao", "last_name": "pham", "gender": "male", "email": "bao@bao.com", "street": "XTT", "city": 1, "state": 1, "country": 1, "zip_code": "234", "image": "", "leads": [9]}}, {"model": "sales.contact", "pk": 2, "fields": {"created_date": "2022-10-24T02:09:42.575Z", "modified_date": "2022-10-24T02:09:42.607Z", "user_create": null, "user_update": null, "first_name": "phuc", "last_name": "phan", "gender": "male", "email": "bao@bao.com", "street": "XTT", "city": 1, "state": 1, "country": 1, "zip_code": "234", "image": "", "leads": [9]}}, {"model": "sales.contact", "pk": 3, "fields": {"created_date": "2022-10-24T02:09:42.575Z", "modified_date": "2022-10-24T02:09:42.607Z", "user_create": null, "user_update": null, "first_name": "bao", "last_name": "pham", "gender": "male", "email": "bao@bao.com", "street": "XTT", "city": 1, "state": 1, "country": 1, "zip_code": "234", "image": "", "leads": [10]}}, {"model": "sales.contact", "pk": 4, "fields": {"created_date": "2022-10-24T02:09:42.575Z", "modified_date": "2022-10-24T02:09:42.607Z", "user_create": null, "user_update": null, "first_name": "phuc", "last_name": "phan", "gender": "male", "email": "bao@bao.com", "street": "XTT", "city": 1, "state": 1, "country": 1, "zip_code": "234", "image": "", "leads": [10]}}, {"model": "sales.contact", "pk": 5, "fields": {"created_date": "2022-10-24T02:09:42.575Z", "modified_date": "2022-10-24T02:09:42.607Z", "user_create": null, "user_update": null, "first_name": "bao", "last_name": "pham", "gender": "male", "email": "bao@bao.com", "street": "XTT", "city": 1, "state": 1, "country": 1, "zip_code": "234", "image": "", "leads": [11]}}, {"model": "sales.contact", "pk": 6, "fields": {"created_date": "2022-10-24T02:09:42.575Z", "modified_date": "2022-10-24T02:09:42.607Z", "user_create": null, "user_update": null, "first_name": "phuc", "last_name": "phan", "gender": "male", "email": "bao@bao.com", "street": "XTT", "city": 1, "state": 1, "country": 1, "zip_code": "234", "image": "", "leads": [11]}}, {"model": "sales.contact", "pk": 7, "fields": {"created_date": "2022-10-24T02:09:42.575Z", "modified_date": "2022-10-24T02:09:42.607Z", "user_create": null, "user_update": null, "first_name": "bao", "last_name": "pham", "gender": "male", "email": "bao@bao.com", "street": "XTT", "city": 1, "state": 1, "country": 1, "zip_code": "234", "image": "", "leads": [12]}}, {"model": "sales.contact", "pk": 8, "fields": {"created_date": "2022-10-24T02:09:42.575Z", "modified_date": "2022-10-24T02:09:42.607Z", "user_create": null, "user_update": null, "first_name": "phuc", "last_name": "phan", "gender": "male", "email": "bao@bao.com", "street": "XTT", "city": 1, "state": 1, "country": 1, "zip_code": "234", "image": "", "leads": [12]}}, {"model": "sales.contact", "pk": 9, "fields": {"created_date": "2022-10-24T02:09:42.575Z", "modified_date": "2022-10-24T02:09:42.607Z", "user_create": null, "user_update": null, "first_name": "bao", "last_name": "pham", "gender": "male", "email": "bao@bao.com", "street": "XTT", "city": 1, "state": 10, "country": 1, "zip_code": "234", "image": "", "leads": []}}, {"model": "sales.contact", "pk": 10, "fields": {"created_date": "2022-10-24T02:09:42.575Z", "modified_date": "2022-10-24T02:09:42.607Z", "user_create": null, "user_update": null, "first_name": "phuc", "last_name": "phan", "gender": "male", "email": "bao@bao.com", "street": "XTT", "city": 1, "state": 1, "country": 1, "zip_code": "234", "image": "", "leads": [13]}}, {"model": "sales.contact", "pk": 11, "fields": {"created_date": "2022-10-24T02:09:42.575Z", "modified_date": "2022-10-24T02:09:42.607Z", "user_create": null, "user_update": null, "first_name": "bao", "last_name": "pham", "gender": "male", "email": "bao@bao.com", "street": "XTT", "city": 1, "state": 1, "country": 1, "zip_code": "234", "image": "", "leads": [14]}}, {"model": "sales.contact", "pk": 12, "fields": {"created_date": "2022-10-24T02:09:42.575Z", "modified_date": "2022-10-24T02:09:42.607Z", "user_create": null, "user_update": null, "first_name": "phuc", "last_name": "phan", "gender": "male", "email": "bao@bao.com", "street": "XTT", "city": 1, "state": 1, "country": 1, "zip_code": "234", "image": "", "leads": [14]}}, {"model": "sales.contact", "pk": 13, "fields": {"created_date": "2022-10-24T02:09:42.575Z", "modified_date": "2022-10-24T02:09:42.607Z", "user_create": null, "user_update": null, "first_name": "bao", "last_name": "pham", "gender": "male", "email": "bao@bao.com", "street": "XTT", "city": 1, "state": 1, "country": 1, "zip_code": "234", "image": "", "leads": [18, 17, 15]}}, {"model": "sales.contact", "pk": 14, "fields": {"created_date": "2022-10-24T02:09:42.575Z", "modified_date": "2022-10-24T02:09:42.607Z", "user_create": null, "user_update": null, "first_name": "phuc", "last_name": "phan", "gender": "male", "email": "bao@bao.com", "street": "XTT", "city": 1, "state": null, "country": null, "zip_code": "234", "image": "", "leads": [18, 15]}}, {"model": "sales.contact", "pk": 15, "fields": {"created_date": "2022-10-24T02:09:42.575Z", "modified_date": "2022-10-24T02:09:42.607Z", "user_create": null, "user_update": null, "first_name": "bao", "last_name": "pham", "gender": "male", "email": "bao@bao.com", "street": "XTT", "city": 1, "state": 1, "country": 1, "zip_code": "234", "image": "", "leads": [19]}}, {"model": "sales.contact", "pk": 16, "fields": {"created_date": "2022-10-24T02:09:42.575Z", "modified_date": "2022-10-24T02:09:42.607Z", "user_create": null, "user_update": null, "first_name": "phuc", "last_name": "phan", "gender": "male", "email": "bao@bao.com", "street": "XTT", "city": 1, "state": 1, "country": 1, "zip_code": "234", "image": "", "leads": [19]}}, {"model": "sales.contact", "pk": 17, "fields": {"created_date": "2022-10-24T02:09:42.575Z", "modified_date": "2022-10-24T02:09:42.607Z", "user_create": null, "user_update": null, "first_name": "bao", "last_name": "pham", "gender": "male", "email": "bao@bao.com", "street": "XTT", "city": 1, "state": null, "country": 1, "zip_code": "234", "image": "", "leads": [29, 28, 20]}}, {"model": "sales.contact", "pk": 18, "fields": {"created_date": "2022-10-24T02:09:42.575Z", "modified_date": "2022-10-24T02:09:42.607Z", "user_create": null, "user_update": null, "first_name": "phuc", "last_name": "phan", "gender": "male", "email": "bao@bao.com", "street": "XTT", "city": 1, "state": 1, "country": 1, "zip_code": "234", "image": "", "leads": [30, 20]}}, {"model": "sales.contact", "pk": 19, "fields": {"created_date": "2022-10-24T02:09:42.575Z", "modified_date": "2022-10-24T02:09:42.607Z", "user_create": null, "user_update": null, "first_name": "bao", "last_name": "pham", "gender": "male", "email": "bao@bao.com", "street": "XTT", "city": 1, "state": 1, "country": 1, "zip_code": "234", "image": "", "leads": [24]}}, {"model": "sales.contact", "pk": 20, "fields": {"created_date": "2022-10-24T02:09:42.575Z", "modified_date": "2022-10-24T02:09:42.607Z", "user_create": null, "user_update": null, "first_name": "phuc", "last_name": "phan", "gender": "male", "email": "bao@bao.com", "street": "XTT", "city": 1, "state": 1, "country": 1, "zip_code": "234", "image": "", "leads": [24]}}, {"model": "sales.contact", "pk": 21, "fields": {"created_date": "2022-10-24T02:09:42.575Z", "modified_date": "2022-10-24T02:09:42.607Z", "user_create": null, "user_update": null, "first_name": "bao", "last_name": "pham", "gender": "male", "email": "bao@bao.com", "street": "XTT", "city": 1, "state": 1, "country": 1, "zip_code": "234", "image": "", "leads": [25]}}, {"model": "sales.contact", "pk": 22, "fields": {"created_date": "2022-10-24T02:09:42.575Z", "modified_date": "2022-10-24T02:09:42.607Z", "user_create": null, "user_update": null, "first_name": "phuc", "last_name": "phan", "gender": "male", "email": "bao@bao.com", "street": "XTT", "city": 1, "state": 1, "country": 1, "zip_code": "234", "image": "", "leads": [25]}}, {"model": "sales.contact", "pk": 23, "fields": {"created_date": "2022-10-24T02:09:42.575Z", "modified_date": "2022-10-24T02:09:42.607Z", "user_create": null, "user_update": null, "first_name": "bao", "last_name": "pham", "gender": "male", "email": "bao@bao.com", "street": "XTT", "city": 1, "state": 1, "country": 1, "zip_code": "234", "image": "", "leads": [26]}}, {"model": "sales.contact", "pk": 24, "fields": {"created_date": "2022-10-24T02:09:42.575Z", "modified_date": "2022-10-24T02:09:42.607Z", "user_create": null, "user_update": null, "first_name": "phuc", "last_name": "phan", "gender": "male", "email": "bao@bao.com", "street": "XTT", "city": 1, "state": 1, "country": 1, "zip_code": "234", "image": "", "leads": [26]}}, {"model": "sales.contact", "pk": 25, "fields": {"created_date": "2022-10-24T02:09:42.575Z", "modified_date": "2022-10-24T02:09:42.607Z", "user_create": null, "user_update": null, "first_name": "bao", "last_name": "pham", "gender": "male", "email": "bao@bao.com", "street": "XTT", "city": 1, "state": 1, "country": 1, "zip_code": "234", "image": "", "leads": [25]}}, {"model": "sales.contact", "pk": 26, "fields": {"created_date": "2022-10-24T02:09:42.575Z", "modified_date": "2022-10-24T02:09:42.607Z", "user_create": null, "user_update": null, "first_name": "bao", "last_name": "pham", "gender": "male", "email": "bao@bao.com", "street": "XTT", "city": 1, "state": 1, "country": 1, "zip_code": "234", "image": "", "leads": [25]}}, {"model": "sales.contact", "pk": 27, "fields": {"created_date": "2022-10-24T02:13:55.819Z", "modified_date": "2022-10-24T02:13:55.819Z", "user_create": 2, "user_update": null, "first_name": "phuc", "last_name": "phan", "gender": "male", "email": "bao@bao.com", "street": "XTT", "city": 1, "state": 1, "country": 1, "zip_code": "234", "image": "", "leads": [24]}}, {"model": "sales.contact", "pk": 28, "fields": {"created_date": "2022-10-25T04:00:30.403Z", "modified_date": "2022-10-25T04:00:30.403Z", "user_create": 2, "user_update": null, "first_name": "bao", "last_name": "pham", "gender": "male", "email": "bao@bao.com", "street": "XTT", "city": 1, "state": 1, "country": 1, "zip_code": "234", "image": "", "leads": [29]}}, {"model": "sales.contact", "pk": 29, "fields": {"created_date": "2022-10-25T04:01:08.146Z", "modified_date": "2022-10-25T04:01:08.146Z", "user_create": 2, "user_update": null, "first_name": "bao", "last_name": "pham", "gender": "male", "email": "bao@bao.com", "street": "", "city": null, "state": null, "country": null, "zip_code": "", "image": "", "leads": [29]}}, {"model": "sales.contact", "pk": 30, "fields": {"created_date": "2022-10-27T07:32:01.306Z", "modified_date": "2022-10-27T07:32:01.306Z", "user_create": 1, "user_update": null, "first_name": "bao", "last_name": "pham", "gender": "male", "email": "baopq97@gmail.com", "street": "", "city": 106955, "state": 2550, "country": 224, "zip_code": "", "image": "", "leads": [39]}}, {"model": "sales.contact", "pk": 31, "fields": {"created_date": "2022-11-03T11:10:30.382Z", "modified_date": "2022-11-03T11:10:30.382Z", "user_create": 2, "user_update": null, "first_name": "bao", "last_name": "pham", "gender": "male", "email": "baopq97@gmail.com", "street": "", "city": 106955, "state": 2550, "country": 224, "zip_code": "", "image": "", "leads": [39]}}, {"model": "sales.contact", "pk": 32, "fields": {"created_date": "2022-11-03T11:27:15.229Z", "modified_date": "2022-11-03T11:27:15.229Z", "user_create": 2, "user_update": null, "first_name": "bao", "last_name": "pham", "gender": "male", "email": "baopq97@gmail.com", "street": "", "city": 106955, "state": 2550, "country": 224, "zip_code": "", "image": "", "leads": [39]}}, {"model": "sales.contact", "pk": 33, "fields": {"created_date": "2022-11-03T11:30:27.222Z", "modified_date": "2022-11-03T11:30:27.222Z", "user_create": 2, "user_update": null, "first_name": "bao", "last_name": "pham", "gender": "male", "email": "baopq97@gmail.com", "street": "", "city": 106955, "state": 2550, "country": 224, "zip_code": "", "image": "", "leads": [39]}}, {"model": "sales.contact", "pk": 34, "fields": {"created_date": "2022-11-03T11:32:53.206Z", "modified_date": "2022-11-03T11:32:53.207Z", "user_create": 2, "user_update": null, "first_name": "bao", "last_name": "pham", "gender": "male", "email": "baopq97@gmail.com", "street": "", "city": 106955, "state": 2550, "country": 224, "zip_code": "", "image": "", "leads": [39]}}, {"model": "sales.phoneofcontact", "pk": 1, "fields": {"phone_number": "097799", "phone_type": "mobile", "text_massage_received": "true", "mobile_phone_service_provider": "Viettel", "contact": 1}}, {"model": "sales.phoneofcontact", "pk": 2, "fields": {"phone_number": "097799", "phone_type": "mobile", "text_massage_received": "true", "mobile_phone_service_provider": "Viettel", "contact": 3}}, {"model": "sales.phoneofcontact", "pk": 3, "fields": {"phone_number": "097799", "phone_type": "mobile", "text_massage_received": "true", "mobile_phone_service_provider": "Viettel", "contact": 5}}, {"model": "sales.phoneofcontact", "pk": 4, "fields": {"phone_number": "097799", "phone_type": "mobile", "text_massage_received": "true", "mobile_phone_service_provider": "Viettel", "contact": 7}}, {"model": "sales.phoneofcontact", "pk": 6, "fields": {"phone_number": "097799", "phone_type": "mobile", "text_massage_received": "true", "mobile_phone_service_provider": "Viettel", "contact": 9}}, {"model": "sales.phoneofcontact", "pk": 7, "fields": {"phone_number": "097799", "phone_type": "mobile", "text_massage_received": "true", "mobile_phone_service_provider": "Viettel", "contact": 11}}, {"model": "sales.phoneofcontact", "pk": 8, "fields": {"phone_number": "097799", "phone_type": "mobile", "text_massage_received": "true", "mobile_phone_service_provider": "Viettel", "contact": 13}}, {"model": "sales.phoneofcontact", "pk": 9, "fields": {"phone_number": "097799", "phone_type": "mobile", "text_massage_received": "true", "mobile_phone_service_provider": "Viettel", "contact": 13}}, {"model": "sales.phoneofcontact", "pk": 10, "fields": {"phone_number": "097799", "phone_type": "mobile", "text_massage_received": "true", "mobile_phone_service_provider": "Viettel", "contact": 15}}, {"model": "sales.phoneofcontact", "pk": 12, "fields": {"phone_number": "097799", "phone_type": "mobile", "text_massage_received": "true", "mobile_phone_service_provider": "Viettel", "contact": 19}}, {"model": "sales.phoneofcontact", "pk": 13, "fields": {"phone_number": "097799", "phone_type": "mobile", "text_massage_received": "true", "mobile_phone_service_provider": "Viettel", "contact": 21}}, {"model": "sales.phoneofcontact", "pk": 14, "fields": {"phone_number": "097799", "phone_type": "mobile", "text_massage_received": "true", "mobile_phone_service_provider": "Viettel", "contact": 23}}, {"model": "sales.phoneofcontact", "pk": 15, "fields": {"phone_number": "097799", "phone_type": "mobile", "text_massage_received": "true", "mobile_phone_service_provider": "Viettel", "contact": 26}}, {"model": "sales.phoneofcontact", "pk": 17, "fields": {"phone_number": "097799", "phone_type": "mobile", "text_massage_received": "true", "mobile_phone_service_provider": "Viettel", "contact": 28}}, {"model": "sales.phoneofcontact", "pk": 18, "fields": {"phone_number": "097799", "phone_type": "mobile", "text_massage_received": "true", "mobile_phone_service_provider": "Viettel", "contact": 28}}, {"model": "sales.phoneofcontact", "pk": 19, "fields": {"phone_number": "097799", "phone_type": "mobile", "text_massage_received": "true", "mobile_phone_service_provider": "Viettel", "contact": 29}}, {"model": "sales.phoneofcontact", "pk": 20, "fields": {"phone_number": "097799", "phone_type": "mobile", "text_massage_received": "true", "mobile_phone_service_provider": "Viettel", "contact": 29}}, {"model": "sales.phoneofcontact", "pk": 21, "fields": {"phone_number": "097799", "phone_type": "mobile", "text_massage_received": "true", "mobile_phone_service_provider": "Viettel", "contact": 17}}, {"model": "sales.phoneofcontact", "pk": 22, "fields": {"phone_number": "097799", "phone_type": "mobile", "text_massage_received": "true", "mobile_phone_service_provider": "Viettel", "contact": 17}}, {"model": "sales.phoneofcontact", "pk": 23, "fields": {"phone_number": "234435676", "phone_type": "cell", "text_massage_received": "yes", "mobile_phone_service_provider": "Mobifone", "contact": 30}}, {"model": "sales.phoneofcontact", "pk": 24, "fields": {"phone_number": "", "phone_type": "", "text_massage_received": "yes", "mobile_phone_service_provider": "", "contact": 31}}, {"model": "sales.phoneofcontact", "pk": 25, "fields": {"phone_number": "", "phone_type": "mobile", "text_massage_received": "yes", "mobile_phone_service_provider": "", "contact": 32}}, {"model": "sales.phoneofcontact", "pk": 26, "fields": {"phone_number": "", "phone_type": "", "text_massage_received": "yes", "mobile_phone_service_provider": "", "contact": 33}}, {"model": "sales.phoneofcontact", "pk": 27, "fields": {"phone_number": "", "phone_type": "", "text_massage_received": "yes", "mobile_phone_service_provider": "", "contact": 34}}, {"model": "sales.contacttypename", "pk": 1, "fields": {"name": "dev"}}, {"model": "sales.contacttypename", "pk": 2, "fields": {"name": "tester"}}, {"model": "sales.contacttype", "pk": 1, "fields": {"contact_type_name": 1, "contact": 1, "lead": 9}}, {"model": "sales.contacttype", "pk": 2, "fields": {"contact_type_name": 1, "contact": 2, "lead": 9}}, {"model": "sales.contacttype", "pk": 3, "fields": {"contact_type_name": 1, "contact": 3, "lead": 10}}, {"model": "sales.contacttype", "pk": 4, "fields": {"contact_type_name": 1, "contact": 4, "lead": 10}}, {"model": "sales.contacttype", "pk": 5, "fields": {"contact_type_name": 1, "contact": 5, "lead": 11}}, {"model": "sales.contacttype", "pk": 6, "fields": {"contact_type_name": 1, "contact": 6, "lead": 11}}, {"model": "sales.contacttype", "pk": 7, "fields": {"contact_type_name": 1, "contact": 7, "lead": 12}}, {"model": "sales.contacttype", "pk": 8, "fields": {"contact_type_name": 1, "contact": 8, "lead": 12}}, {"model": "sales.contacttype", "pk": 10, "fields": {"contact_type_name": 1, "contact": 10, "lead": 13}}, {"model": "sales.contacttype", "pk": 11, "fields": {"contact_type_name": 1, "contact": 9, "lead": 13}}, {"model": "sales.contacttype", "pk": 12, "fields": {"contact_type_name": 1, "contact": 11, "lead": 14}}, {"model": "sales.contacttype", "pk": 13, "fields": {"contact_type_name": 1, "contact": 12, "lead": 14}}, {"model": "sales.contacttype", "pk": 14, "fields": {"contact_type_name": 1, "contact": 13, "lead": 15}}, {"model": "sales.contacttype", "pk": 15, "fields": {"contact_type_name": 1, "contact": 14, "lead": 15}}, {"model": "sales.contacttype", "pk": 16, "fields": {"contact_type_name": 1, "contact": 13, "lead": 17}}, {"model": "sales.contacttype", "pk": 17, "fields": {"contact_type_name": 1, "contact": 13, "lead": 18}}, {"model": "sales.contacttype", "pk": 18, "fields": {"contact_type_name": 1, "contact": 14, "lead": 18}}, {"model": "sales.contacttype", "pk": 19, "fields": {"contact_type_name": 1, "contact": 15, "lead": 19}}, {"model": "sales.contacttype", "pk": 20, "fields": {"contact_type_name": 1, "contact": 16, "lead": 19}}, {"model": "sales.contacttype", "pk": 22, "fields": {"contact_type_name": 1, "contact": 18, "lead": 20}}, {"model": "sales.contacttype", "pk": 23, "fields": {"contact_type_name": 1, "contact": 19, "lead": 24}}, {"model": "sales.contacttype", "pk": 24, "fields": {"contact_type_name": 1, "contact": 20, "lead": 24}}, {"model": "sales.contacttype", "pk": 25, "fields": {"contact_type_name": 1, "contact": 21, "lead": 25}}, {"model": "sales.contacttype", "pk": 26, "fields": {"contact_type_name": 1, "contact": 22, "lead": 25}}, {"model": "sales.contacttype", "pk": 27, "fields": {"contact_type_name": 1, "contact": 23, "lead": 26}}, {"model": "sales.contacttype", "pk": 28, "fields": {"contact_type_name": 1, "contact": 24, "lead": 26}}, {"model": "sales.contacttype", "pk": 29, "fields": {"contact_type_name": 1, "contact": 25, "lead": 25}}, {"model": "sales.contacttype", "pk": 30, "fields": {"contact_type_name": 1, "contact": 26, "lead": 25}}, {"model": "sales.contacttype", "pk": 31, "fields": {"contact_type_name": 1, "contact": 27, "lead": 24}}, {"model": "sales.contacttype", "pk": 35, "fields": {"contact_type_name": 1, "contact": 18, "lead": 30}}, {"model": "sales.contacttype", "pk": 36, "fields": {"contact_type_name": 1, "contact": 28, "lead": 29}}, {"model": "sales.contacttype", "pk": 37, "fields": {"contact_type_name": 1, "contact": 29, "lead": 29}}, {"model": "sales.contacttype", "pk": 38, "fields": {"contact_type_name": 1, "contact": 17, "lead": 30}}, {"model": "sales.contacttype", "pk": 40, "fields": {"contact_type_name": 1, "contact": 30, "lead": 39}}, {"model": "sales.contacttype", "pk": 41, "fields": {"contact_type_name": 1, "contact": 31, "lead": 39}}, {"model": "sales.contacttype", "pk": 42, "fields": {"contact_type_name": 1, "contact": 32, "lead": 39}}, {"model": "sales.contacttype", "pk": 43, "fields": {"contact_type_name": 1, "contact": 33, "lead": 39}}, {"model": "sales.contacttype", "pk": 44, "fields": {"contact_type_name": 1, "contact": 34, "lead": 39}}, {"model": "sales.tagactivity", "pk": 1, "fields": {"name": "tag1"}}, {"model": "sales.tagactivity", "pk": 2, "fields": {"name": "tag2"}}, {"model": "sales.tagactivity", "pk": 3, "fields": {"name": "tag3"}}, {"model": "sales.tagactivity", "pk": 4, "fields": {"name": "phase1"}}, {"model": "sales.phaseactivity", "pk": 1, "fields": {"name": "phase1"}}, {"model": "sales.phaseactivity", "pk": 2, "fields": {"name": "phase2"}}, {"model": "sales.phaseactivity", "pk": 3, "fields": {"name": "phase3"}}, {"model": "sales.activities", "pk": 88, "fields": {"created_date": "2022-10-25T11:14:23.714Z", "modified_date": "2022-10-25T11:14:23.714Z", "user_create": 2, "user_update": 2, "title": "none", "is_completed": false, "phase": 1, "status": "none", "start_date": "2022-10-24T10:54:14.610Z", "end_date": "2022-10-24T10:54:14.610Z", "lead": 35, "tags": [1], "assigned_to": [], "attendees": []}}, {"model": "sales.activities", "pk": 89, "fields": {"created_date": "2022-10-25T11:14:55.904Z", "modified_date": "2022-10-25T11:20:20.237Z", "user_create": 2, "user_update": 2, "title": "none", "is_completed": false, "phase": 3, "status": "none", "start_date": "2022-10-24T10:54:14.610Z", "end_date": "2022-10-24T10:54:14.610Z", "lead": 35, "tags": [2, 3], "assigned_to": [], "attendees": []}}, {"model": "sales.activities", "pk": 90, "fields": {"created_date": "2022-10-25T11:16:03.213Z", "modified_date": "2022-10-25T11:16:03.213Z", "user_create": 2, "user_update": 2, "title": "none", "is_completed": false, "phase": null, "status": "none", "start_date": "2022-10-24T10:54:14.610Z", "end_date": "2022-10-24T10:54:14.610Z", "lead": 35, "tags": [], "assigned_to": [], "attendees": []}}, {"model": "sales.activities", "pk": 91, "fields": {"created_date": "2022-10-26T08:11:18.123Z", "modified_date": "2022-10-26T08:11:18.123Z", "user_create": 2, "user_update": 2, "title": "sdf", "is_completed": false, "phase": 1, "status": "none", "start_date": "2022-10-22T09:33:00Z", "end_date": "2022-10-22T09:33:00Z", "lead": 40, "tags": [1], "assigned_to": [], "attendees": []}}, {"model": "sales.activities", "pk": 92, "fields": {"created_date": "2022-10-26T08:11:31.208Z", "modified_date": "2022-10-26T08:11:31.208Z", "user_create": 2, "user_update": 2, "title": "sdf", "is_completed": false, "phase": 2, "status": "none", "start_date": "2022-10-22T09:33:00Z", "end_date": "2022-10-22T09:33:00Z", "lead": 40, "tags": [2], "assigned_to": [], "attendees": []}}, {"model": "sales.photos", "pk": 1, "fields": {"created_date": "2022-10-27T13:17:10.950Z", "modified_date": "2022-10-27T13:17:10.950Z", "user_create": null, "user_update": null, "photo": "photo/89e66200dd394c4bae39ad89fa4cb9c8.JPEG", "lead": 1}}, {"model": "sales.photos", "pk": 2, "fields": {"created_date": "2022-10-27T13:17:47.794Z", "modified_date": "2022-10-27T13:17:47.794Z", "user_create": null, "user_update": null, "photo": "photo/8254961d443c4c3ebab535677557d617.JPEG", "lead": 1}}, {"model": "sales.cataloglevel", "pk": 1, "fields": {"name": "Types", "parent": null, "catalog": 5}}, {"model": "sales.cataloglevel", "pk": 2, "fields": {"name": "Brands", "parent": 1, "catalog": 5}}, {"model": "sales.cataloglevel", "pk": 3, "fields": {"name": "Series", "parent": 2, "catalog": 5}}, {"model": "sales.cataloglevel", "pk": 4, "fields": {"name": "Thickness", "parent": 3, "catalog": 5}}, {"model": "sales.cataloglevel", "pk": 5, "fields": {"name": "Patterns", "parent": 4, "catalog": 5}}, {"model": "sales.cataloglevel", "pk": 6, "fields": {"name": "Colors", "parent": 5, "catalog": 5}}, {"model": "sales.cataloglevel", "pk": 12, "fields": {"name": "Types", "parent": null, "catalog": 5}}, {"model": "sales.cataloglevel", "pk": 13, "fields": {"name": "branch", "parent": 12, "catalog": 5}}, {"model": "sales.cataloglevel", "pk": 14, "fields": {"name": "Series", "parent": 13, "catalog": 5}}, {"model": "sales.cataloglevel", "pk": 15, "fields": {"name": "Types", "parent": null, "catalog": 6}}, {"model": "sales.cataloglevel", "pk": 16, "fields": {"name": "branch", "parent": 15, "catalog": 6}}, {"model": "sales.catalog", "pk": 1, "fields": {"created_date": "2022-01-01T00:00:00Z", "modified_date": "2022-01-01T00:00:00Z", "user_create": null, "user_update": null, "sequence": 1, "name": "Material", "is_ancestor": true, "cost_table": null, "icon": "", "level": null, "parents": []}}, {"model": "sales.catalog", "pk": 2, "fields": {"created_date": "2022-01-01T00:00:00Z", "modified_date": "2022-01-01T00:00:00Z", "user_create": null, "user_update": null, "sequence": 1, "name": "Production Rates", "is_ancestor": true, "cost_table": null, "icon": "", "level": null, "parents": []}}, {"model": "sales.catalog", "pk": 3, "fields": {"created_date": "2022-01-01T00:00:00Z", "modified_date": "2022-01-01T00:00:00Z", "user_create": null, "user_update": null, "sequence": 1, "name": "Subcontractor Rates", "is_ancestor": true, "cost_table": null, "icon": "", "level": null, "parents": []}}, {"model": "sales.catalog", "pk": 4, "fields": {"created_date": "2022-01-01T00:00:00Z", "modified_date": "2022-01-01T00:00:00Z", "user_create": null, "user_update": null, "sequence": 1, "name": "Rental Rates", "is_ancestor": true, "cost_table": null, "icon": "", "level": null, "parents": []}}, {"model": "sales.catalog", "pk": 5, "fields": {"created_date": "2022-01-01T00:00:00Z", "modified_date": "2022-01-01T00:00:00Z", "user_create": null, "user_update": null, "sequence": 1, "name": "Pavers", "is_ancestor": false, "cost_table": null, "icon": "", "level": null, "parents": [1]}}, {"model": "sales.catalog", "pk": 6, "fields": {"created_date": "2022-01-01T00:00:00Z", "modified_date": "2022-01-01T00:00:00Z", "user_create": null, "user_update": null, "sequence": 2, "name": "Block", "is_ancestor": false, "cost_table": null, "icon": "", "level": null, "parents": [1]}}, {"model": "sales.catalog", "pk": 7, "fields": {"created_date": "2022-01-01T00:00:00Z", "modified_date": "2022-01-01T00:00:00Z", "user_create": null, "user_update": null, "sequence": 3, "name": "Sod", "is_ancestor": false, "cost_table": null, "icon": "", "level": null, "parents": [1]}}, {"model": "sales.catalog", "pk": 8, "fields": {"created_date": "2022-01-01T00:00:00Z", "modified_date": "2022-01-01T00:00:00Z", "user_create": null, "user_update": null, "sequence": 4, "name": "Seed", "is_ancestor": false, "cost_table": null, "icon": "", "level": null, "parents": [1]}}, {"model": "sales.catalog", "pk": 9, "fields": {"created_date": "2022-01-01T00:00:00Z", "modified_date": "2022-01-01T00:00:00Z", "user_create": null, "user_update": null, "sequence": 5, "name": "Irrigation", "is_ancestor": false, "cost_table": null, "icon": "", "level": null, "parents": [1]}}, {"model": "sales.catalog", "pk": 10, "fields": {"created_date": "2022-01-01T00:00:00Z", "modified_date": "2022-01-01T00:00:00Z", "user_create": null, "user_update": null, "sequence": 6, "name": "Outdoor Covers", "is_ancestor": false, "cost_table": null, "icon": "", "level": null, "parents": [1]}}, {"model": "sales.catalog", "pk": 11, "fields": {"created_date": "2022-01-01T00:00:00Z", "modified_date": "2022-01-01T00:00:00Z", "user_create": null, "user_update": null, "sequence": 7, "name": "Steel", "is_ancestor": false, "cost_table": null, "icon": "", "level": null, "parents": [1]}}, {"model": "sales.catalog", "pk": 12, "fields": {"created_date": "2022-01-01T00:00:00Z", "modified_date": "2022-01-01T00:00:00Z", "user_create": null, "user_update": null, "sequence": 8, "name": "Rock", "is_ancestor": false, "cost_table": null, "icon": "", "level": null, "parents": [1]}}, {"model": "sales.catalog", "pk": 13, "fields": {"created_date": "2022-01-01T00:00:00Z", "modified_date": "2022-01-01T00:00:00Z", "user_create": null, "user_update": null, "sequence": 1, "name": "Paver Install", "is_ancestor": false, "cost_table": null, "icon": "", "level": null, "parents": [2]}}, {"model": "sales.catalog", "pk": 14, "fields": {"created_date": "2022-01-01T00:00:00Z", "modified_date": "2022-01-01T00:00:00Z", "user_create": null, "user_update": null, "sequence": 2, "name": "Block Install", "is_ancestor": false, "cost_table": null, "icon": "", "level": null, "parents": [2]}}, {"model": "sales.catalog", "pk": 15, "fields": {"created_date": "2022-01-01T00:00:00Z", "modified_date": "2022-01-01T00:00:00Z", "user_create": null, "user_update": null, "sequence": 3, "name": "Sod Install", "is_ancestor": false, "cost_table": null, "icon": "", "level": null, "parents": [2]}}, {"model": "sales.catalog", "pk": 16, "fields": {"created_date": "2022-01-01T00:00:00Z", "modified_date": "2022-01-01T00:00:00Z", "user_create": null, "user_update": null, "sequence": 4, "name": "Seed Install", "is_ancestor": false, "cost_table": null, "icon": "", "level": null, "parents": [2]}}, {"model": "sales.catalog", "pk": 17, "fields": {"created_date": "2022-01-01T00:00:00Z", "modified_date": "2022-01-01T00:00:00Z", "user_create": null, "user_update": null, "sequence": 5, "name": "Irrigation Install", "is_ancestor": false, "cost_table": null, "icon": "", "level": null, "parents": [2]}}, {"model": "sales.catalog", "pk": 18, "fields": {"created_date": "2022-01-01T00:00:00Z", "modified_date": "2022-01-01T00:00:00Z", "user_create": null, "user_update": null, "sequence": 6, "name": "Outdoor Covers Install", "is_ancestor": false, "cost_table": null, "icon": "", "level": null, "parents": [2]}}, {"model": "sales.catalog", "pk": 19, "fields": {"created_date": "2022-01-01T00:00:00Z", "modified_date": "2022-01-01T00:00:00Z", "user_create": null, "user_update": null, "sequence": 7, "name": "Steel Install", "is_ancestor": false, "cost_table": null, "icon": "", "level": null, "parents": [2]}}, {"model": "sales.catalog", "pk": 20, "fields": {"created_date": "2022-01-01T00:00:00Z", "modified_date": "2022-01-01T00:00:00Z", "user_create": null, "user_update": null, "sequence": 8, "name": "Rock Install", "is_ancestor": false, "cost_table": null, "icon": "", "level": null, "parents": [2]}}, {"model": "sales.catalog", "pk": 21, "fields": {"created_date": "2022-01-01T00:00:00Z", "modified_date": "2022-01-01T00:00:00Z", "user_create": null, "user_update": null, "sequence": 1, "name": "Paver Install", "is_ancestor": false, "cost_table": null, "icon": "", "level": null, "parents": [3]}}, {"model": "sales.catalog", "pk": 22, "fields": {"created_date": "2022-01-01T00:00:00Z", "modified_date": "2022-01-01T00:00:00Z", "user_create": null, "user_update": null, "sequence": 2, "name": "Block Install", "is_ancestor": false, "cost_table": null, "icon": "", "level": null, "parents": [3]}}, {"model": "sales.catalog", "pk": 23, "fields": {"created_date": "2022-01-01T00:00:00Z", "modified_date": "2022-01-01T00:00:00Z", "user_create": null, "user_update": null, "sequence": 3, "name": "Sod Install", "is_ancestor": false, "cost_table": null, "icon": "", "level": null, "parents": [3]}}, {"model": "sales.catalog", "pk": 24, "fields": {"created_date": "2022-01-01T00:00:00Z", "modified_date": "2022-01-01T00:00:00Z", "user_create": null, "user_update": null, "sequence": 4, "name": "Seed Install", "is_ancestor": false, "cost_table": null, "icon": "", "level": null, "parents": [3]}}, {"model": "sales.catalog", "pk": 25, "fields": {"created_date": "2022-01-01T00:00:00Z", "modified_date": "2022-01-01T00:00:00Z", "user_create": null, "user_update": null, "sequence": 5, "name": "Irrigation Install", "is_ancestor": false, "cost_table": null, "icon": "", "level": null, "parents": [3]}}, {"model": "sales.catalog", "pk": 26, "fields": {"created_date": "2022-01-01T00:00:00Z", "modified_date": "2022-01-01T00:00:00Z", "user_create": null, "user_update": null, "sequence": 6, "name": "Outdoor Covers Install", "is_ancestor": false, "cost_table": null, "icon": "", "level": null, "parents": [3]}}, {"model": "sales.catalog", "pk": 27, "fields": {"created_date": "2022-01-01T00:00:00Z", "modified_date": "2022-01-01T00:00:00Z", "user_create": null, "user_update": null, "sequence": 7, "name": "Steel Install", "is_ancestor": false, "cost_table": null, "icon": "", "level": null, "parents": [3]}}, {"model": "sales.catalog", "pk": 28, "fields": {"created_date": "2022-01-01T00:00:00Z", "modified_date": "2022-01-01T00:00:00Z", "user_create": null, "user_update": null, "sequence": 8, "name": "Rock Install", "is_ancestor": false, "cost_table": null, "icon": "", "level": null, "parents": [3]}}, {"model": "sales.catalog", "pk": 29, "fields": {"created_date": "2022-01-01T00:00:00Z", "modified_date": "2022-01-01T00:00:00Z", "user_create": null, "user_update": null, "sequence": 1, "name": "Compacting", "is_ancestor": false, "cost_table": null, "icon": "", "level": null, "parents": [4]}}, {"model": "sales.catalog", "pk": 30, "fields": {"created_date": "2022-01-01T00:00:00Z", "modified_date": "2022-01-01T00:00:00Z", "user_create": null, "user_update": null, "sequence": 2, "name": "Excavation", "is_ancestor": false, "cost_table": null, "icon": "", "level": null, "parents": [4]}}, {"model": "sales.catalog", "pk": 31, "fields": {"created_date": "2022-01-01T00:00:00Z", "modified_date": "2022-01-01T00:00:00Z", "user_create": null, "user_update": null, "sequence": 3, "name": "Delivery", "is_ancestor": false, "cost_table": null, "icon": "", "level": null, "parents": [4]}}, {"model": "sales.catalog", "pk": 32, "fields": {"created_date": "2022-11-16T07:56:05.153Z", "modified_date": "2022-11-16T07:56:05.153Z", "user_create": null, "user_update": null, "sequence": 1, "name": "Paver Type 1", "is_ancestor": false, "cost_table": null, "icon": "", "level": 12, "parents": [5]}}, {"model": "sales.catalog", "pk": 33, "fields": {"created_date": "2022-11-16T07:56:15.601Z", "modified_date": "2022-11-16T07:56:15.601Z", "user_create": null, "user_update": null, "sequence": 2, "name": "Paver Type 2", "is_ancestor": false, "cost_table": null, "icon": "", "level": 12, "parents": [5]}}, {"model": "sales.catalog", "pk": 34, "fields": {"created_date": "2022-11-18T08:03:54.841Z", "modified_date": "2022-11-18T08:03:54.841Z", "user_create": null, "user_update": null, "sequence": 0, "name": "sdf", "is_ancestor": false, "cost_table": null, "icon": "catalog/2022/11/18/Capture.PNG", "level": null, "parents": []}}]